<?xml version="1.0" encoding="UTF-8"?>
<project-private xmlns="http://www.netbeans.org/ns/project-private/1">
    <editor-bookmarks xmlns="http://www.netbeans.org/ns/editor-bookmarks/2" lastBookmarkId="0"/>
    <open-files xmlns="http://www.netbeans.org/ns/projectui-open-files/2">
        <group>
            <file>file:/Users/NaCl/Desktop/capstone/web/Archive/index1.1.jsp</file>
            <file>file:/Users/NaCl/Desktop/capstone/web/login.jsp</file>
            <file>file:/Users/NaCl/Desktop/capstone/web/index.jsp</file>
            <file>file:/Users/NaCl/Desktop/capstone/web/Archive/login2.html</file>
            <file>file:/Users/NaCl/Desktop/capstone/web/signup.jsp</file>
        </group>
    </open-files>
</project-private>
